{
  "project_info": {
    "project_number": "814785489368",
    "project_id": "verify-e36a7",
    "storage_bucket": "verify-e36a7.appspot.com"
  },
  "client": [
    {
      "client_info": {
        "mobilesdk_app_id": "1:814785489368:android:c4d13d67abefcffe4ceaad",
        "android_client_info": {
          "package_name": "com.example.verify"
        }
      },
      "oauth_client": [
        {
          "client_id": "814785489368-m8k5niash4o5feuua1n5779a1mrls81v.apps.googleusercontent.com",
          "client_type": 3
        }
      ],
      "api_key": [
        {
          "current_key": "AIzaSyCjH_74DHtz75lrvaUFzhfJzHTFPJBJDNI"
        }
      ],
      "services": {
        "appinvite_service": {
          "other_platform_oauth_client": [
            {
              "client_id": "814785489368-m8k5niash4o5feuua1n5779a1mrls81v.apps.googleusercontent.com",
              "client_type": 3
            }
          ]
        }
      }
    }
  ],
  "configuration_version": "1"
}